[
  {
    "id": "ORD-004",
    "customer_name": "guest",
    "items": [
      {
        "name": "Galon Aqua 19L",
        "qty": 1
      }
    ],
    "eta": "-",
    "schedule": "Segera",
    "status": "selesai",
    "area": "Ciwaruga",
    "street": "Gang Sarimanis 6",
    "note": "",
    "created_at": "2025-10-21T10:31:33.243126",
    "user_name": "Guest person",
    "user_email": "guest@gmail.com",
    "finalized_at": "2025-10-21T16:10:51.635664"
  },
  {
    "id": "ORD-006",
    "customer_name": "GUest 2",
    "items": [
      {
        "name": "Galon Aqua 19L",
        "qty": 1
      }
    ],
    "eta": "-",
    "schedule": "Segera",
    "status": "selesai",
    "area": "Sariasih",
    "street": "Jalan Kampus Polban & Jalan Sariasih & Jalan Terusan Sari Asih & Jalan Villa Duta",
    "note": "",
    "created_at": "2025-10-21T16:14:30.587550",
    "user_name": "Guest person",
    "user_email": "guest@gmail.com",
    "finalized_at": "2025-10-23T02:00:03.749847"
  },
  {
    "id": "ORD-011",
    "customer_name": "Asep",
    "items": [
      {
        "name": "Tutup Galon",
        "qty": 1
      }
    ],
    "eta": "15.00",
    "schedule": "15.00",
    "status": "ditolak",
    "area": "Sarimanah",
    "street": "Jalan Suryasetra",
    "note": "",
    "created_at": "2025-10-23T08:16:40.669921",
    "user_name": "Asep Saepudin",
    "user_email": "asep123@gmail.com",
    "finalized_at": "2025-10-23T08:17:23.054768"
  }
]